{
    "menu_id": "UUID-generated-by-client",
    "store_name": "Pizza Hut",
    "selection": [
        "Cheese",
        "Pepperoni"
    ],
    "size": [
        "Slide", "Small", "Medium", "Large", "X-Large"
    ],
    "price": [
        "3.50", "7.00", "10.00", "15.00", "20.00"
    ],
    "store_hours": {
        "Mon": "10am-10pm",
        "Tue": "10am-10pm",
        "Wed": "10am-10pm",
        "Thu": "10am-10pm",
        "Fri": "10am-10pm",
        "Sat": "11am-12pm",
        "Sun": "11am-12pm"
    }
}